seq,UNID,XPath
0,UN01005479,rsm:CIExchangedDocumentContext
1,UN01005481,rsm:CIExchangedDocumentContext/ram:BusinessProcessSpecifiedCIDocumentContextParameter
2,UN01005810,rsm:CIExchangedDocumentContext/ram:BusinessProcessSpecifiedCIDocumentContextParameter/ram:ID
3,UN01005473,rsm:CIExchangedDocumentContext/ram:BusinessProcessSpecifiedCIDocumentContextParameter/ram:Value
4,UN01005474,rsm:CIExchangedDocumentContext/ram:BusinessProcessSpecifiedCIDocumentContextParameter/ram:SpecifiedCIDocumentVersion
5,UN01005810,rsm:CIExchangedDocumentContext/ram:BusinessProcessSpecifiedCIDocumentContextParameter/ram:SpecifiedCIDocumentVersion/ram:ID
6,UN01005582,rsm:CIExchangedDocumentContext/ram:BusinessProcessSpecifiedCIDocumentContextParameter/ram:SpecifiedCIDocumentVersion/ram:IssueDateTime
7,UN01005486,rsm:CIExchangedDocumentContext/ram:SubsetSpecifiedCIDocumentContextParameter
8,UN01005810,rsm:CIExchangedDocumentContext/ram:SubsetSpecifiedCIDocumentContextParameter/ram:ID
9,UN01005473,rsm:CIExchangedDocumentContext/ram:SubsetSpecifiedCIDocumentContextParameter/ram:Value
10,UN01005474,rsm:CIExchangedDocumentContext/ram:SubsetSpecifiedCIDocumentContextParameter/ram:SpecifiedCIDocumentVersion
11,UN01005810,rsm:CIExchangedDocumentContext/ram:SubsetSpecifiedCIDocumentContextParameter/ram:SpecifiedCIDocumentVersion/ram:ID
12,UN01005582,rsm:CIExchangedDocumentContext/ram:SubsetSpecifiedCIDocumentContextParameter/ram:SpecifiedCIDocumentVersion/ram:IssueDateTime
13,UN01005861,rsm:CIIHExchangedDocument
14,UN01005862,rsm:CIIHExchangedDocument/ram:ID
15,UN01005864,rsm:CIIHExchangedDocument/ram:TypeCode
16,UN01005865,rsm:CIIHExchangedDocument/ram:IssueDateTime
17,UN01005876,rsm:CIIHExchangedDocument/ram:IncludedCINote
18,UN01005558,rsm:CIIHExchangedDocument/ram:IncludedCINote/ram:Subject
19,UN01005560,rsm:CIIHExchangedDocument/ram:IncludedCINote/ram:Content
20,UN01005810,rsm:CIIHExchangedDocument/ram:IncludedCINote/ram:ID
21,UN01012702,rsm:CIIHExchangedDocument/ram:ReferenceCIReferencedDocument
22,UN01005580,rsm:CIIHExchangedDocument/ram:ReferenceCIReferencedDocument/ram:IssuerAssignedID
23,UN01005582,rsm:CIIHExchangedDocument/ram:ReferenceCIReferencedDocument/ram:IssueDateTime
24,UN01005585,rsm:CIIHExchangedDocument/ram:ReferenceCIReferencedDocument/ram:LineID
25,UN01005588,rsm:CIIHExchangedDocument/ram:ReferenceCIReferencedDocument/ram:RevisionID
26,UN01006415,rsm:CIIHExchangedDocument/ram:ReferenceCIReferencedDocument/ram:Information
27,UN01012923,rsm:CIIHExchangedDocument/ram:ReferenceCIReferencedDocument/ram:SubordinateLineID
28,UN01014899,rsm:CIIHExchangedDocument/ram:ReferenceCIReferencedDocument/ram:SubtypeCode
29,JPS2200015,rsm:CIIHExchangedDocument/ram:AttachedSpecifiedBinaryFile
30,UN01005810,rsm:CIIHExchangedDocument/ram:AttachedSpecifiedBinaryFile/ram:ID
31,UN01006019,rsm:CIIHExchangedDocument/ram:AttachedSpecifiedBinaryFile/ram:FileName
32,UN01005858,rsm:CIIHExchangedDocument/ram:AttachedSpecifiedBinaryFile/ram:URIID
33,UN01006021,rsm:CIIHExchangedDocument/ram:AttachedSpecifiedBinaryFile/ram:MIMECode
34,UN01005817,rsm:CIIHExchangedDocument/ram:AttachedSpecifiedBinaryFile/ram:Description
35,UN01005936,rsm:CIIHSupplyChainTradeTransaction
36,UN01005937,rsm:CIIHSupplyChainTradeTransaction/ram:ApplicableCIIHSupplyChainTradeAgreement
37,UN01005879,rsm:CIIHSupplyChainTradeTransaction/ram:ApplicableCIIHSupplyChainTradeAgreement/ram:SellerCITradeParty
38,UN01005810,rsm:CIIHSupplyChainTradeTransaction/ram:ApplicableCIIHSupplyChainTradeAgreement/ram:SellerCITradeParty/ram:ID
39,UN01005811,rsm:CIIHSupplyChainTradeTransaction/ram:ApplicableCIIHSupplyChainTradeAgreement/ram:SellerCITradeParty/ram:GlobalID
40,UN01005815,rsm:CIIHSupplyChainTradeTransaction/ram:ApplicableCIIHSupplyChainTradeAgreement/ram:SellerCITradeParty/ram:Name
41,UN01005762,rsm:CIIHSupplyChainTradeTransaction/ram:ApplicableCIIHSupplyChainTradeAgreement/ram:SellerCITradeParty/ram:PostalCITradeAddress
42,UN01005689,rsm:CIIHSupplyChainTradeTransaction/ram:ApplicableCIIHSupplyChainTradeAgreement/ram:SellerCITradeParty/ram:PostalCITradeAddress/ram:PostcodeCode
43,UN01005692,rsm:CIIHSupplyChainTradeTransaction/ram:ApplicableCIIHSupplyChainTradeAgreement/ram:SellerCITradeParty/ram:PostalCITradeAddress/ram:LineOne
44,UN01005693,rsm:CIIHSupplyChainTradeTransaction/ram:ApplicableCIIHSupplyChainTradeAgreement/ram:SellerCITradeParty/ram:PostalCITradeAddress/ram:LineTwo
45,UN01005694,rsm:CIIHSupplyChainTradeTransaction/ram:ApplicableCIIHSupplyChainTradeAgreement/ram:SellerCITradeParty/ram:PostalCITradeAddress/ram:LineThree
46,UN01005700,rsm:CIIHSupplyChainTradeTransaction/ram:ApplicableCIIHSupplyChainTradeAgreement/ram:SellerCITradeParty/ram:PostalCITradeAddress/ram:CountryID
47,UN01005880,rsm:CIIHSupplyChainTradeTransaction/ram:ApplicableCIIHSupplyChainTradeAgreement/ram:BuyerCITradeParty
48,UN01005810,rsm:CIIHSupplyChainTradeTransaction/ram:ApplicableCIIHSupplyChainTradeAgreement/ram:BuyerCITradeParty/ram:ID
49,UN01005811,rsm:CIIHSupplyChainTradeTransaction/ram:ApplicableCIIHSupplyChainTradeAgreement/ram:BuyerCITradeParty/ram:GlobalID
50,UN01005815,rsm:CIIHSupplyChainTradeTransaction/ram:ApplicableCIIHSupplyChainTradeAgreement/ram:BuyerCITradeParty/ram:Name
51,UN01005762,rsm:CIIHSupplyChainTradeTransaction/ram:ApplicableCIIHSupplyChainTradeAgreement/ram:BuyerCITradeParty/ram:PostalCITradeAddress
52,UN01005689,rsm:CIIHSupplyChainTradeTransaction/ram:ApplicableCIIHSupplyChainTradeAgreement/ram:BuyerCITradeParty/ram:PostalCITradeAddress/ram:PostcodeCode
53,UN01005692,rsm:CIIHSupplyChainTradeTransaction/ram:ApplicableCIIHSupplyChainTradeAgreement/ram:BuyerCITradeParty/ram:PostalCITradeAddress/ram:LineOne
54,UN01005693,rsm:CIIHSupplyChainTradeTransaction/ram:ApplicableCIIHSupplyChainTradeAgreement/ram:BuyerCITradeParty/ram:PostalCITradeAddress/ram:LineTwo
55,UN01005694,rsm:CIIHSupplyChainTradeTransaction/ram:ApplicableCIIHSupplyChainTradeAgreement/ram:BuyerCITradeParty/ram:PostalCITradeAddress/ram:LineThree
56,UN01005700,rsm:CIIHSupplyChainTradeTransaction/ram:ApplicableCIIHSupplyChainTradeAgreement/ram:BuyerCITradeParty/ram:PostalCITradeAddress/ram:CountryID
57,UN01011516,rsm:CIIHSupplyChainTradeTransaction/ram:ApplicableCIIHSupplyChainTradeAgreement/ram:SpecifiedProcuringProject
58,UN01005810,rsm:CIIHSupplyChainTradeTransaction/ram:ApplicableCIIHSupplyChainTradeAgreement/ram:SpecifiedProcuringProject/ram:ID
59,UN01005815,rsm:CIIHSupplyChainTradeTransaction/ram:ApplicableCIIHSupplyChainTradeAgreement/ram:SpecifiedProcuringProject/ram:Name
60,UN01005939,rsm:CIIHSupplyChainTradeTransaction/ram:ApplicableCIIHSupplyChainTradeSettlement
61,UN01005913,rsm:CIIHSupplyChainTradeTransaction/ram:ApplicableCIIHSupplyChainTradeSettlement/ram:TaxCurrencyCode
62,UN01005914,rsm:CIIHSupplyChainTradeTransaction/ram:ApplicableCIIHSupplyChainTradeSettlement/ram:InvoiceCurrencyCode
63,UN01005915,rsm:CIIHSupplyChainTradeTransaction/ram:ApplicableCIIHSupplyChainTradeSettlement/ram:PaymentCurrencyCode
64,UN01005916,rsm:CIIHSupplyChainTradeTransaction/ram:ApplicableCIIHSupplyChainTradeSettlement/ram:InvoicerCITradeParty
65,UN01005810,rsm:CIIHSupplyChainTradeTransaction/ram:ApplicableCIIHSupplyChainTradeSettlement/ram:InvoicerCITradeParty/ram:ID
66,UN01005811,rsm:CIIHSupplyChainTradeTransaction/ram:ApplicableCIIHSupplyChainTradeSettlement/ram:InvoicerCITradeParty/ram:GlobalID
67,UN01005815,rsm:CIIHSupplyChainTradeTransaction/ram:ApplicableCIIHSupplyChainTradeSettlement/ram:InvoicerCITradeParty/ram:Name
68,UN01005762,rsm:CIIHSupplyChainTradeTransaction/ram:ApplicableCIIHSupplyChainTradeSettlement/ram:InvoicerCITradeParty/ram:PostalCITradeAddress
69,UN01005689,rsm:CIIHSupplyChainTradeTransaction/ram:ApplicableCIIHSupplyChainTradeSettlement/ram:InvoicerCITradeParty/ram:PostalCITradeAddress/ram:PostcodeCode
70,UN01005692,rsm:CIIHSupplyChainTradeTransaction/ram:ApplicableCIIHSupplyChainTradeSettlement/ram:InvoicerCITradeParty/ram:PostalCITradeAddress/ram:LineOne
71,UN01005693,rsm:CIIHSupplyChainTradeTransaction/ram:ApplicableCIIHSupplyChainTradeSettlement/ram:InvoicerCITradeParty/ram:PostalCITradeAddress/ram:LineTwo
72,UN01005694,rsm:CIIHSupplyChainTradeTransaction/ram:ApplicableCIIHSupplyChainTradeSettlement/ram:InvoicerCITradeParty/ram:PostalCITradeAddress/ram:LineThree
73,UN01005700,rsm:CIIHSupplyChainTradeTransaction/ram:ApplicableCIIHSupplyChainTradeSettlement/ram:InvoicerCITradeParty/ram:PostalCITradeAddress/ram:CountryID
74,UN01005917,rsm:CIIHSupplyChainTradeTransaction/ram:ApplicableCIIHSupplyChainTradeSettlement/ram:InvoiceeCITradeParty
75,UN01005810,rsm:CIIHSupplyChainTradeTransaction/ram:ApplicableCIIHSupplyChainTradeSettlement/ram:InvoiceeCITradeParty/ram:ID
76,UN01005811,rsm:CIIHSupplyChainTradeTransaction/ram:ApplicableCIIHSupplyChainTradeSettlement/ram:InvoiceeCITradeParty/ram:GlobalID
77,UN01005815,rsm:CIIHSupplyChainTradeTransaction/ram:ApplicableCIIHSupplyChainTradeSettlement/ram:InvoiceeCITradeParty/ram:Name
78,UN01005762,rsm:CIIHSupplyChainTradeTransaction/ram:ApplicableCIIHSupplyChainTradeSettlement/ram:InvoiceeCITradeParty/ram:PostalCITradeAddress
79,UN01005689,rsm:CIIHSupplyChainTradeTransaction/ram:ApplicableCIIHSupplyChainTradeSettlement/ram:InvoiceeCITradeParty/ram:PostalCITradeAddress/ram:PostcodeCode
80,UN01005692,rsm:CIIHSupplyChainTradeTransaction/ram:ApplicableCIIHSupplyChainTradeSettlement/ram:InvoiceeCITradeParty/ram:PostalCITradeAddress/ram:LineOne
81,UN01005693,rsm:CIIHSupplyChainTradeTransaction/ram:ApplicableCIIHSupplyChainTradeSettlement/ram:InvoiceeCITradeParty/ram:PostalCITradeAddress/ram:LineTwo
82,UN01005694,rsm:CIIHSupplyChainTradeTransaction/ram:ApplicableCIIHSupplyChainTradeSettlement/ram:InvoiceeCITradeParty/ram:PostalCITradeAddress/ram:LineThree
83,UN01005700,rsm:CIIHSupplyChainTradeTransaction/ram:ApplicableCIIHSupplyChainTradeSettlement/ram:InvoiceeCITradeParty/ram:PostalCITradeAddress/ram:CountryID
84,UN01005918,rsm:CIIHSupplyChainTradeTransaction/ram:ApplicableCIIHSupplyChainTradeSettlement/ram:PayeeCITradeParty
85,UN01005810,rsm:CIIHSupplyChainTradeTransaction/ram:ApplicableCIIHSupplyChainTradeSettlement/ram:PayeeCITradeParty/ram:ID
86,UN01005811,rsm:CIIHSupplyChainTradeTransaction/ram:ApplicableCIIHSupplyChainTradeSettlement/ram:PayeeCITradeParty/ram:GlobalID
87,UN01005815,rsm:CIIHSupplyChainTradeTransaction/ram:ApplicableCIIHSupplyChainTradeSettlement/ram:PayeeCITradeParty/ram:Name
88,UN01005762,rsm:CIIHSupplyChainTradeTransaction/ram:ApplicableCIIHSupplyChainTradeSettlement/ram:PayeeCITradeParty/ram:PostalCITradeAddress
89,UN01005689,rsm:CIIHSupplyChainTradeTransaction/ram:ApplicableCIIHSupplyChainTradeSettlement/ram:PayeeCITradeParty/ram:PostalCITradeAddress/ram:PostcodeCode
90,UN01005692,rsm:CIIHSupplyChainTradeTransaction/ram:ApplicableCIIHSupplyChainTradeSettlement/ram:PayeeCITradeParty/ram:PostalCITradeAddress/ram:LineOne
91,UN01005693,rsm:CIIHSupplyChainTradeTransaction/ram:ApplicableCIIHSupplyChainTradeSettlement/ram:PayeeCITradeParty/ram:PostalCITradeAddress/ram:LineTwo
92,UN01005694,rsm:CIIHSupplyChainTradeTransaction/ram:ApplicableCIIHSupplyChainTradeSettlement/ram:PayeeCITradeParty/ram:PostalCITradeAddress/ram:LineThree
93,UN01005700,rsm:CIIHSupplyChainTradeTransaction/ram:ApplicableCIIHSupplyChainTradeSettlement/ram:PayeeCITradeParty/ram:PostalCITradeAddress/ram:CountryID
94,UN01005919,rsm:CIIHSupplyChainTradeTransaction/ram:ApplicableCIIHSupplyChainTradeSettlement/ram:PayerCITradeParty
95,UN01005810,rsm:CIIHSupplyChainTradeTransaction/ram:ApplicableCIIHSupplyChainTradeSettlement/ram:PayerCITradeParty/ram:ID
96,UN01005811,rsm:CIIHSupplyChainTradeTransaction/ram:ApplicableCIIHSupplyChainTradeSettlement/ram:PayerCITradeParty/ram:GlobalID
97,UN01005815,rsm:CIIHSupplyChainTradeTransaction/ram:ApplicableCIIHSupplyChainTradeSettlement/ram:PayerCITradeParty/ram:Name
98,UN01005762,rsm:CIIHSupplyChainTradeTransaction/ram:ApplicableCIIHSupplyChainTradeSettlement/ram:PayerCITradeParty/ram:PostalCITradeAddress
99,UN01005689,rsm:CIIHSupplyChainTradeTransaction/ram:ApplicableCIIHSupplyChainTradeSettlement/ram:PayerCITradeParty/ram:PostalCITradeAddress/ram:PostcodeCode
100,UN01005692,rsm:CIIHSupplyChainTradeTransaction/ram:ApplicableCIIHSupplyChainTradeSettlement/ram:PayerCITradeParty/ram:PostalCITradeAddress/ram:LineOne
101,UN01005693,rsm:CIIHSupplyChainTradeTransaction/ram:ApplicableCIIHSupplyChainTradeSettlement/ram:PayerCITradeParty/ram:PostalCITradeAddress/ram:LineTwo
102,UN01005694,rsm:CIIHSupplyChainTradeTransaction/ram:ApplicableCIIHSupplyChainTradeSettlement/ram:PayerCITradeParty/ram:PostalCITradeAddress/ram:LineThree
103,UN01005700,rsm:CIIHSupplyChainTradeTransaction/ram:ApplicableCIIHSupplyChainTradeSettlement/ram:PayerCITradeParty/ram:PostalCITradeAddress/ram:CountryID
104,UN01005921,rsm:CIIHSupplyChainTradeTransaction/ram:ApplicableCIIHSupplyChainTradeSettlement/ram:InvoiceApplicableCITradeCurrencyExchange
105,UN01005739,rsm:CIIHSupplyChainTradeTransaction/ram:ApplicableCIIHSupplyChainTradeSettlement/ram:InvoiceApplicableCITradeCurrencyExchange/ram:SourceCurrencyCode
106,UN01005741,rsm:CIIHSupplyChainTradeTransaction/ram:ApplicableCIIHSupplyChainTradeSettlement/ram:InvoiceApplicableCITradeCurrencyExchange/ram:TargetCurrencyCode
107,UN01005744,rsm:CIIHSupplyChainTradeTransaction/ram:ApplicableCIIHSupplyChainTradeSettlement/ram:InvoiceApplicableCITradeCurrencyExchange/ram:ConversionRate
108,UN01005745,rsm:CIIHSupplyChainTradeTransaction/ram:ApplicableCIIHSupplyChainTradeSettlement/ram:InvoiceApplicableCITradeCurrencyExchange/ram:ConversionRateDateTime
109,UN01005922,rsm:CIIHSupplyChainTradeTransaction/ram:ApplicableCIIHSupplyChainTradeSettlement/ram:PaymentApplicableCITradeCurrencyExchange
110,UN01005739,rsm:CIIHSupplyChainTradeTransaction/ram:ApplicableCIIHSupplyChainTradeSettlement/ram:PaymentApplicableCITradeCurrencyExchange/ram:SourceCurrencyCode
111,UN01005741,rsm:CIIHSupplyChainTradeTransaction/ram:ApplicableCIIHSupplyChainTradeSettlement/ram:PaymentApplicableCITradeCurrencyExchange/ram:TargetCurrencyCode
112,UN01005744,rsm:CIIHSupplyChainTradeTransaction/ram:ApplicableCIIHSupplyChainTradeSettlement/ram:PaymentApplicableCITradeCurrencyExchange/ram:ConversionRate
113,UN01005745,rsm:CIIHSupplyChainTradeTransaction/ram:ApplicableCIIHSupplyChainTradeSettlement/ram:PaymentApplicableCITradeCurrencyExchange/ram:ConversionRateDateTime
114,UN01005923,rsm:CIIHSupplyChainTradeTransaction/ram:ApplicableCIIHSupplyChainTradeSettlement/ram:SpecifiedCITradeSettlementPaymentMeans
115,UN01005818,rsm:CIIHSupplyChainTradeTransaction/ram:ApplicableCIIHSupplyChainTradeSettlement/ram:SpecifiedCITradeSettlementPaymentMeans/ram:TypeCode
116,UN01006415,rsm:CIIHSupplyChainTradeTransaction/ram:ApplicableCIIHSupplyChainTradeSettlement/ram:SpecifiedCITradeSettlementPaymentMeans/ram:Information
117,JPS2200010,rsm:CIIHSupplyChainTradeTransaction/ram:ApplicableCIIHSupplyChainTradeSettlement/ram:SpecifiedCITradeSettlementPaymentMeans/ram:aidAmount
118,UN01005677,rsm:CIIHSupplyChainTradeTransaction/ram:ApplicableCIIHSupplyChainTradeSettlement/ram:SpecifiedCITradeSettlementPaymentMeans/ram:PayeePartyCICreditorFinancialAccount
119,UN01005400,rsm:CIIHSupplyChainTradeTransaction/ram:ApplicableCIIHSupplyChainTradeSettlement/ram:SpecifiedCITradeSettlementPaymentMeans/ram:PayeePartyCICreditorFinancialAccount/ram:AccountName
120,UN01005401,rsm:CIIHSupplyChainTradeTransaction/ram:ApplicableCIIHSupplyChainTradeSettlement/ram:SpecifiedCITradeSettlementPaymentMeans/ram:PayeePartyCICreditorFinancialAccount/ram:ProprietaryID
121,UN01005818,rsm:CIIHSupplyChainTradeTransaction/ram:ApplicableCIIHSupplyChainTradeSettlement/ram:SpecifiedCITradeSettlementPaymentMeans/ram:PayeePartyCICreditorFinancialAccount/ram:TypeCode
122,UN01005679,rsm:CIIHSupplyChainTradeTransaction/ram:ApplicableCIIHSupplyChainTradeSettlement/ram:SpecifiedCITradeSettlementPaymentMeans/ram:PayeeSpecifiedCICreditorFinancialInstitution
123,UN01005815,rsm:CIIHSupplyChainTradeTransaction/ram:ApplicableCIIHSupplyChainTradeSettlement/ram:SpecifiedCITradeSettlementPaymentMeans/ram:PayeeSpecifiedCICreditorFinancialInstitution/ram:Name
124,UN01011521,rsm:CIIHSupplyChainTradeTransaction/ram:ApplicableCIIHSupplyChainTradeSettlement/ram:SpecifiedCITradeSettlementPaymentMeans/ram:PayeeSpecifiedCICreditorFinancialInstitution/ram:JapanFinancialInstitutionCommonID
125,UN01005428,rsm:CIIHSupplyChainTradeTransaction/ram:ApplicableCIIHSupplyChainTradeSettlement/ram:SpecifiedCITradeSettlementPaymentMeans/ram:PayeeSpecifiedCICreditorFinancialInstitution/ram:Sub-DivisionBranchFinancialInstitution
126,UN01005810,rsm:CIIHSupplyChainTradeTransaction/ram:ApplicableCIIHSupplyChainTradeSettlement/ram:SpecifiedCITradeSettlementPaymentMeans/ram:PayeeSpecifiedCICreditorFinancialInstitution/ram:Sub-DivisionBranchFinancialInstitution/ram:ID
127,UN01005815,rsm:CIIHSupplyChainTradeTransaction/ram:ApplicableCIIHSupplyChainTradeSettlement/ram:SpecifiedCITradeSettlementPaymentMeans/ram:PayeeSpecifiedCICreditorFinancialInstitution/ram:Sub-DivisionBranchFinancialInstitution/ram:Name
128,UN01006057,rsm:CIIHSupplyChainTradeTransaction/ram:ApplicableCIIHSupplyChainTradeSettlement/ram:SpecifiedCITradeSettlementPaymentMeans/ram:ApplicableTradeSettlementFinancialCard
129,UN01005810,rsm:CIIHSupplyChainTradeTransaction/ram:ApplicableCIIHSupplyChainTradeSettlement/ram:SpecifiedCITradeSettlementPaymentMeans/ram:ApplicableTradeSettlementFinancialCard/ram:ID
130,UN01005818,rsm:CIIHSupplyChainTradeTransaction/ram:ApplicableCIIHSupplyChainTradeSettlement/ram:SpecifiedCITradeSettlementPaymentMeans/ram:ApplicableTradeSettlementFinancialCard/ram:TypeCode
131,UN01004497,rsm:CIIHSupplyChainTradeTransaction/ram:ApplicableCIIHSupplyChainTradeSettlement/ram:SpecifiedCITradeSettlementPaymentMeans/ram:ApplicableTradeSettlementFinancialCard/ram:CardholderName
132,UN01009966,rsm:CIIHSupplyChainTradeTransaction/ram:ApplicableCIIHSupplyChainTradeSettlement/ram:SpecifiedCITradeSettlementPaymentMeans/ram:ApplicableTradeSettlementFinancialCard/ram:IssuingCompanyName
133,UN01014644,rsm:CIIHSupplyChainTradeTransaction/ram:ApplicableCIIHSupplyChainTradeSettlement/ram:SpecifiedCITradeAllowanceCharge
134,UN01005707,rsm:CIIHSupplyChainTradeTransaction/ram:ApplicableCIIHSupplyChainTradeSettlement/ram:SpecifiedCITradeAllowanceCharge/ram:ChargeIndicator
135,UN01005710,rsm:CIIHSupplyChainTradeTransaction/ram:ApplicableCIIHSupplyChainTradeSettlement/ram:SpecifiedCITradeAllowanceCharge/ram:CalculationPercent
136,UN01005490,rsm:CIIHSupplyChainTradeTransaction/ram:ApplicableCIIHSupplyChainTradeSettlement/ram:SpecifiedCITradeAllowanceCharge/ram:ActualAmount
137,UN01005488,rsm:CIIHSupplyChainTradeTransaction/ram:ApplicableCIIHSupplyChainTradeSettlement/ram:SpecifiedCITradeAllowanceCharge/ram:ReasonCode
138,UN01005489,rsm:CIIHSupplyChainTradeTransaction/ram:ApplicableCIIHSupplyChainTradeSettlement/ram:SpecifiedCITradeAllowanceCharge/ram:Reason
139,UN01008286,rsm:CIIHSupplyChainTradeTransaction/ram:ApplicableCIIHSupplyChainTradeSettlement/ram:SpecifiedCITradeAllowanceCharge/ram:BasisAmount
140,UN01009665,rsm:CIIHSupplyChainTradeTransaction/ram:ApplicableCIIHSupplyChainTradeSettlement/ram:ApplicableCITradeTax
141,UN01005818,rsm:CIIHSupplyChainTradeTransaction/ram:ApplicableCIIHSupplyChainTradeSettlement/ram:ApplicableCITradeTax/ram:TypeCode
142,UN01008286,rsm:CIIHSupplyChainTradeTransaction/ram:ApplicableCIIHSupplyChainTradeSettlement/ram:ApplicableCITradeTax/ram:BasisAmount
143,UN01005841,rsm:CIIHSupplyChainTradeTransaction/ram:ApplicableCIIHSupplyChainTradeSettlement/ram:ApplicableCITradeTax/ram:CategoryCode
144,UN01005850,rsm:CIIHSupplyChainTradeTransaction/ram:ApplicableCIIHSupplyChainTradeSettlement/ram:ApplicableCITradeTax/ram:CategoryName
145,UN01007174,rsm:CIIHSupplyChainTradeTransaction/ram:ApplicableCIIHSupplyChainTradeSettlement/ram:ApplicableCITradeTax/ram:RateApplicablePercent
146,UN01013040,rsm:CIIHSupplyChainTradeTransaction/ram:ApplicableCIIHSupplyChainTradeSettlement/ram:ApplicableCITradeTax/ram:GrandTotalAmount
147,UN01014650,rsm:CIIHSupplyChainTradeTransaction/ram:ApplicableCIIHSupplyChainTradeSettlement/ram:ApplicableCITradeTax/ram:LocalTaxSystemID
148,UN01014894,rsm:CIIHSupplyChainTradeTransaction/ram:ApplicableCIIHSupplyChainTradeSettlement/ram:BillingCISpecifiedPeriod
149,UN01005612,rsm:CIIHSupplyChainTradeTransaction/ram:ApplicableCIIHSupplyChainTradeSettlement/ram:BillingCISpecifiedPeriod/ram:StartDateTime
150,UN01005613,rsm:CIIHSupplyChainTradeTransaction/ram:ApplicableCIIHSupplyChainTradeSettlement/ram:BillingCISpecifiedPeriod/ram:EndDateTime
151,UN01005929,rsm:CIIHSupplyChainTradeTransaction/ram:ApplicableCIIHSupplyChainTradeSettlement/ram:SpecifiedCITradePaymentTerms
152,UN01005817,rsm:CIIHSupplyChainTradeTransaction/ram:ApplicableCIIHSupplyChainTradeSettlement/ram:SpecifiedCITradePaymentTerms/ram:Description
153,UN01005784,rsm:CIIHSupplyChainTradeTransaction/ram:ApplicableCIIHSupplyChainTradeSettlement/ram:SpecifiedCITradePaymentTerms/ram:DueDateDateTime
154,UN01005818,rsm:CIIHSupplyChainTradeTransaction/ram:ApplicableCIIHSupplyChainTradeSettlement/ram:SpecifiedCITradePaymentTerms/ram:TypeCode
155,UN01005930,rsm:CIIHSupplyChainTradeTransaction/ram:ApplicableCIIHSupplyChainTradeSettlement/ram:SpecifiedCIIHTradeSettlementMonetarySummation
156,UN01005943,rsm:CIIHSupplyChainTradeTransaction/ram:ApplicableCIIHSupplyChainTradeSettlement/ram:SpecifiedCIIHTradeSettlementMonetarySummation/ram:ChargeTotalAmount
157,UN01005944,rsm:CIIHSupplyChainTradeTransaction/ram:ApplicableCIIHSupplyChainTradeSettlement/ram:SpecifiedCIIHTradeSettlementMonetarySummation/ram:AllowanceTotalAmount
158,UN01013040,rsm:CIIHSupplyChainTradeTransaction/ram:ApplicableCIIHSupplyChainTradeSettlement/ram:SpecifiedCIIHTradeSettlementMonetarySummation/ram:GrandTotalAmount
159,UN01005950,rsm:CIIHSupplyChainTradeTransaction/ram:ApplicableCIIHSupplyChainTradeSettlement/ram:SpecifiedCIIHTradeSettlementMonetarySummation/ram:TotalPrepaidAmount
160,UN01008445,rsm:CIIHSupplyChainTradeTransaction/ram:ApplicableCIIHSupplyChainTradeSettlement/ram:SpecifiedCIIHTradeSettlementMonetarySummation/ram:DuePayableAmount
161,UN01014895,rsm:CIIHSupplyChainTradeTransaction/ram:ApplicableCIIHSupplyChainTradeSettlement/ram:SpecifiedCIIHTradeSettlementMonetarySummation/ram:ReferenceCIReferencedDocument
162,UN01005580,rsm:CIIHSupplyChainTradeTransaction/ram:ApplicableCIIHSupplyChainTradeSettlement/ram:SpecifiedCIIHTradeSettlementMonetarySummation/ram:ReferenceCIReferencedDocument/ram:IssuerAssignedID
163,UN01005582,rsm:CIIHSupplyChainTradeTransaction/ram:ApplicableCIIHSupplyChainTradeSettlement/ram:SpecifiedCIIHTradeSettlementMonetarySummation/ram:ReferenceCIReferencedDocument/ram:IssueDateTime
164,UN01005585,rsm:CIIHSupplyChainTradeTransaction/ram:ApplicableCIIHSupplyChainTradeSettlement/ram:SpecifiedCIIHTradeSettlementMonetarySummation/ram:ReferenceCIReferencedDocument/ram:LineID
165,UN01005588,rsm:CIIHSupplyChainTradeTransaction/ram:ApplicableCIIHSupplyChainTradeSettlement/ram:SpecifiedCIIHTradeSettlementMonetarySummation/ram:ReferenceCIReferencedDocument/ram:RevisionID
166,UN01006415,rsm:CIIHSupplyChainTradeTransaction/ram:ApplicableCIIHSupplyChainTradeSettlement/ram:SpecifiedCIIHTradeSettlementMonetarySummation/ram:ReferenceCIReferencedDocument/ram:Information
167,UN01012923,rsm:CIIHSupplyChainTradeTransaction/ram:ApplicableCIIHSupplyChainTradeSettlement/ram:SpecifiedCIIHTradeSettlementMonetarySummation/ram:ReferenceCIReferencedDocument/ram:SubordinateLineID
168,UN01014899,rsm:CIIHSupplyChainTradeTransaction/ram:ApplicableCIIHSupplyChainTradeSettlement/ram:SpecifiedCIIHTradeSettlementMonetarySummation/ram:ReferenceCIReferencedDocument/ram:SubtypeCode
169,UN01014643,rsm:CIIHSupplyChainTradeTransaction/ram:ApplicableCIIHSupplyChainTradeSettlement/ram:SpecifiedCIFinancialAdjustment
170,UN01005488,rsm:CIIHSupplyChainTradeTransaction/ram:ApplicableCIIHSupplyChainTradeSettlement/ram:SpecifiedCIFinancialAdjustment/ram:ReasonCode
171,UN01005489,rsm:CIIHSupplyChainTradeTransaction/ram:ApplicableCIIHSupplyChainTradeSettlement/ram:SpecifiedCIFinancialAdjustment/ram:Reason
172,UN01005490,rsm:CIIHSupplyChainTradeTransaction/ram:ApplicableCIIHSupplyChainTradeSettlement/ram:SpecifiedCIFinancialAdjustment/ram:ActualAmount
173,JPS2200016,rsm:CIIHSupplyChainTradeTransaction/ram:ApplicableCIIHSupplyChainTradeSettlement/ram:OutstandingCIIHTradeSettlementMonetarySummation
174,UN01005943,rsm:CIIHSupplyChainTradeTransaction/ram:ApplicableCIIHSupplyChainTradeSettlement/ram:OutstandingCIIHTradeSettlementMonetarySummation/ram:ChargeTotalAmount
175,UN01005944,rsm:CIIHSupplyChainTradeTransaction/ram:ApplicableCIIHSupplyChainTradeSettlement/ram:OutstandingCIIHTradeSettlementMonetarySummation/ram:AllowanceTotalAmount
176,UN01013040,rsm:CIIHSupplyChainTradeTransaction/ram:ApplicableCIIHSupplyChainTradeSettlement/ram:OutstandingCIIHTradeSettlementMonetarySummation/ram:GrandTotalAmount
177,UN01005950,rsm:CIIHSupplyChainTradeTransaction/ram:ApplicableCIIHSupplyChainTradeSettlement/ram:OutstandingCIIHTradeSettlementMonetarySummation/ram:TotalPrepaidAmount
178,UN01008445,rsm:CIIHSupplyChainTradeTransaction/ram:ApplicableCIIHSupplyChainTradeSettlement/ram:OutstandingCIIHTradeSettlementMonetarySummation/ram:DuePayableAmount
179,UN01014895,rsm:CIIHSupplyChainTradeTransaction/ram:ApplicableCIIHSupplyChainTradeSettlement/ram:OutstandingCIIHTradeSettlementMonetarySummation/ram:ReferenceCIReferencedDocument
180,UN01005580,rsm:CIIHSupplyChainTradeTransaction/ram:ApplicableCIIHSupplyChainTradeSettlement/ram:OutstandingCIIHTradeSettlementMonetarySummation/ram:ReferenceCIReferencedDocument/ram:IssuerAssignedID
181,UN01005582,rsm:CIIHSupplyChainTradeTransaction/ram:ApplicableCIIHSupplyChainTradeSettlement/ram:OutstandingCIIHTradeSettlementMonetarySummation/ram:ReferenceCIReferencedDocument/ram:IssueDateTime
182,UN01005585,rsm:CIIHSupplyChainTradeTransaction/ram:ApplicableCIIHSupplyChainTradeSettlement/ram:OutstandingCIIHTradeSettlementMonetarySummation/ram:ReferenceCIReferencedDocument/ram:LineID
183,UN01005588,rsm:CIIHSupplyChainTradeTransaction/ram:ApplicableCIIHSupplyChainTradeSettlement/ram:OutstandingCIIHTradeSettlementMonetarySummation/ram:ReferenceCIReferencedDocument/ram:RevisionID
184,UN01006415,rsm:CIIHSupplyChainTradeTransaction/ram:ApplicableCIIHSupplyChainTradeSettlement/ram:OutstandingCIIHTradeSettlementMonetarySummation/ram:ReferenceCIReferencedDocument/ram:Information
185,UN01012923,rsm:CIIHSupplyChainTradeTransaction/ram:ApplicableCIIHSupplyChainTradeSettlement/ram:OutstandingCIIHTradeSettlementMonetarySummation/ram:ReferenceCIReferencedDocument/ram:SubordinateLineID
186,UN01014899,rsm:CIIHSupplyChainTradeTransaction/ram:ApplicableCIIHSupplyChainTradeSettlement/ram:OutstandingCIIHTradeSettlementMonetarySummation/ram:ReferenceCIReferencedDocument/ram:SubtypeCode
187,UN01005940,rsm:CIIHSupplyChainTradeTransaction/ram:IncludedCIILSupplyChainTradeLineItem
188,UN01005989,rsm:CIIHSupplyChainTradeTransaction/ram:IncludedCIILSupplyChainTradeLineItem/ram:AssociatedCIILDocumentLineDocument
189,UN01005585,rsm:CIIHSupplyChainTradeTransaction/ram:IncludedCIILSupplyChainTradeLineItem/ram:AssociatedCIILDocumentLineDocument/ram:LineID
190,UN01005841,rsm:CIIHSupplyChainTradeTransaction/ram:IncludedCIILSupplyChainTradeLineItem/ram:AssociatedCIILDocumentLineDocument/ram:CategoryCode
191,UN01005957,rsm:CIIHSupplyChainTradeTransaction/ram:IncludedCIILSupplyChainTradeLineItem/ram:AssociatedCIILDocumentLineDocument/ram:IncludedCINote
192,UN01005558,rsm:CIIHSupplyChainTradeTransaction/ram:IncludedCIILSupplyChainTradeLineItem/ram:AssociatedCIILDocumentLineDocument/ram:IncludedCINote/ram:Subject
193,UN01005560,rsm:CIIHSupplyChainTradeTransaction/ram:IncludedCIILSupplyChainTradeLineItem/ram:AssociatedCIILDocumentLineDocument/ram:IncludedCINote/ram:Content
194,UN01005810,rsm:CIIHSupplyChainTradeTransaction/ram:IncludedCIILSupplyChainTradeLineItem/ram:AssociatedCIILDocumentLineDocument/ram:IncludedCINote/ram:ID
195,UN01014895,rsm:CIIHSupplyChainTradeTransaction/ram:IncludedCIILSupplyChainTradeLineItem/ram:AssociatedCIILDocumentLineDocument/ram:ReferenceCIReferencedDocument
196,UN01005580,rsm:CIIHSupplyChainTradeTransaction/ram:IncludedCIILSupplyChainTradeLineItem/ram:AssociatedCIILDocumentLineDocument/ram:ReferenceCIReferencedDocument/ram:IssuerAssignedID
197,UN01005582,rsm:CIIHSupplyChainTradeTransaction/ram:IncludedCIILSupplyChainTradeLineItem/ram:AssociatedCIILDocumentLineDocument/ram:ReferenceCIReferencedDocument/ram:IssueDateTime
198,UN01005585,rsm:CIIHSupplyChainTradeTransaction/ram:IncludedCIILSupplyChainTradeLineItem/ram:AssociatedCIILDocumentLineDocument/ram:ReferenceCIReferencedDocument/ram:LineID
199,UN01005588,rsm:CIIHSupplyChainTradeTransaction/ram:IncludedCIILSupplyChainTradeLineItem/ram:AssociatedCIILDocumentLineDocument/ram:ReferenceCIReferencedDocument/ram:RevisionID
200,UN01006415,rsm:CIIHSupplyChainTradeTransaction/ram:IncludedCIILSupplyChainTradeLineItem/ram:AssociatedCIILDocumentLineDocument/ram:ReferenceCIReferencedDocument/ram:Information
201,UN01012923,rsm:CIIHSupplyChainTradeTransaction/ram:IncludedCIILSupplyChainTradeLineItem/ram:AssociatedCIILDocumentLineDocument/ram:ReferenceCIReferencedDocument/ram:SubordinateLineID
202,UN01014899,rsm:CIIHSupplyChainTradeTransaction/ram:IncludedCIILSupplyChainTradeLineItem/ram:AssociatedCIILDocumentLineDocument/ram:ReferenceCIReferencedDocument/ram:SubtypeCode
203,UN01005990,rsm:CIIHSupplyChainTradeTransaction/ram:IncludedCIILSupplyChainTradeLineItem/ram:SpecifiedCIILSupplyChainTradeAgreement
204,UN01009654,rsm:CIIHSupplyChainTradeTransaction/ram:IncludedCIILSupplyChainTradeLineItem/ram:SpecifiedCIILSupplyChainTradeAgreement/ram:SellerOrderReferencedCIReferencedDocument
205,UN01005580,rsm:CIIHSupplyChainTradeTransaction/ram:IncludedCIILSupplyChainTradeLineItem/ram:SpecifiedCIILSupplyChainTradeAgreement/ram:SellerOrderReferencedCIReferencedDocument/ram:IssuerAssignedID
206,UN01005582,rsm:CIIHSupplyChainTradeTransaction/ram:IncludedCIILSupplyChainTradeLineItem/ram:SpecifiedCIILSupplyChainTradeAgreement/ram:SellerOrderReferencedCIReferencedDocument/ram:IssueDateTime
207,UN01005585,rsm:CIIHSupplyChainTradeTransaction/ram:IncludedCIILSupplyChainTradeLineItem/ram:SpecifiedCIILSupplyChainTradeAgreement/ram:SellerOrderReferencedCIReferencedDocument/ram:LineID
208,UN01005588,rsm:CIIHSupplyChainTradeTransaction/ram:IncludedCIILSupplyChainTradeLineItem/ram:SpecifiedCIILSupplyChainTradeAgreement/ram:SellerOrderReferencedCIReferencedDocument/ram:RevisionID
209,UN01006415,rsm:CIIHSupplyChainTradeTransaction/ram:IncludedCIILSupplyChainTradeLineItem/ram:SpecifiedCIILSupplyChainTradeAgreement/ram:SellerOrderReferencedCIReferencedDocument/ram:Information
210,UN01012923,rsm:CIIHSupplyChainTradeTransaction/ram:IncludedCIILSupplyChainTradeLineItem/ram:SpecifiedCIILSupplyChainTradeAgreement/ram:SellerOrderReferencedCIReferencedDocument/ram:SubordinateLineID
211,UN01014899,rsm:CIIHSupplyChainTradeTransaction/ram:IncludedCIILSupplyChainTradeLineItem/ram:SpecifiedCIILSupplyChainTradeAgreement/ram:SellerOrderReferencedCIReferencedDocument/ram:SubtypeCode
212,UN01009655,rsm:CIIHSupplyChainTradeTransaction/ram:IncludedCIILSupplyChainTradeLineItem/ram:SpecifiedCIILSupplyChainTradeAgreement/ram:BuyerOrderReferencedCIReferencedDocument
213,UN01005580,rsm:CIIHSupplyChainTradeTransaction/ram:IncludedCIILSupplyChainTradeLineItem/ram:SpecifiedCIILSupplyChainTradeAgreement/ram:BuyerOrderReferencedCIReferencedDocument/ram:IssuerAssignedID
214,UN01005582,rsm:CIIHSupplyChainTradeTransaction/ram:IncludedCIILSupplyChainTradeLineItem/ram:SpecifiedCIILSupplyChainTradeAgreement/ram:BuyerOrderReferencedCIReferencedDocument/ram:IssueDateTime
215,UN01005585,rsm:CIIHSupplyChainTradeTransaction/ram:IncludedCIILSupplyChainTradeLineItem/ram:SpecifiedCIILSupplyChainTradeAgreement/ram:BuyerOrderReferencedCIReferencedDocument/ram:LineID
216,UN01005588,rsm:CIIHSupplyChainTradeTransaction/ram:IncludedCIILSupplyChainTradeLineItem/ram:SpecifiedCIILSupplyChainTradeAgreement/ram:BuyerOrderReferencedCIReferencedDocument/ram:RevisionID
217,UN01006415,rsm:CIIHSupplyChainTradeTransaction/ram:IncludedCIILSupplyChainTradeLineItem/ram:SpecifiedCIILSupplyChainTradeAgreement/ram:BuyerOrderReferencedCIReferencedDocument/ram:Information
218,UN01012923,rsm:CIIHSupplyChainTradeTransaction/ram:IncludedCIILSupplyChainTradeLineItem/ram:SpecifiedCIILSupplyChainTradeAgreement/ram:BuyerOrderReferencedCIReferencedDocument/ram:SubordinateLineID
219,UN01014899,rsm:CIIHSupplyChainTradeTransaction/ram:IncludedCIILSupplyChainTradeLineItem/ram:SpecifiedCIILSupplyChainTradeAgreement/ram:BuyerOrderReferencedCIReferencedDocument/ram:SubtypeCode
220,UN01005963,rsm:CIIHSupplyChainTradeTransaction/ram:IncludedCIILSupplyChainTradeLineItem/ram:SpecifiedCIILSupplyChainTradeAgreement/ram:ContractReferencedCIReferencedDocument
221,UN01005580,rsm:CIIHSupplyChainTradeTransaction/ram:IncludedCIILSupplyChainTradeLineItem/ram:SpecifiedCIILSupplyChainTradeAgreement/ram:ContractReferencedCIReferencedDocument/ram:IssuerAssignedID
222,UN01005582,rsm:CIIHSupplyChainTradeTransaction/ram:IncludedCIILSupplyChainTradeLineItem/ram:SpecifiedCIILSupplyChainTradeAgreement/ram:ContractReferencedCIReferencedDocument/ram:IssueDateTime
223,UN01005585,rsm:CIIHSupplyChainTradeTransaction/ram:IncludedCIILSupplyChainTradeLineItem/ram:SpecifiedCIILSupplyChainTradeAgreement/ram:ContractReferencedCIReferencedDocument/ram:LineID
224,UN01005588,rsm:CIIHSupplyChainTradeTransaction/ram:IncludedCIILSupplyChainTradeLineItem/ram:SpecifiedCIILSupplyChainTradeAgreement/ram:ContractReferencedCIReferencedDocument/ram:RevisionID
225,UN01006415,rsm:CIIHSupplyChainTradeTransaction/ram:IncludedCIILSupplyChainTradeLineItem/ram:SpecifiedCIILSupplyChainTradeAgreement/ram:ContractReferencedCIReferencedDocument/ram:Information
226,UN01012923,rsm:CIIHSupplyChainTradeTransaction/ram:IncludedCIILSupplyChainTradeLineItem/ram:SpecifiedCIILSupplyChainTradeAgreement/ram:ContractReferencedCIReferencedDocument/ram:SubordinateLineID
227,UN01014899,rsm:CIIHSupplyChainTradeTransaction/ram:IncludedCIILSupplyChainTradeLineItem/ram:SpecifiedCIILSupplyChainTradeAgreement/ram:ContractReferencedCIReferencedDocument/ram:SubtypeCode
228,UN01005991,rsm:CIIHSupplyChainTradeTransaction/ram:IncludedCIILSupplyChainTradeLineItem/ram:SpecifiedCIILSupplyChainTradeDelivery
229,UN01005980,rsm:CIIHSupplyChainTradeTransaction/ram:IncludedCIILSupplyChainTradeLineItem/ram:SpecifiedCIILSupplyChainTradeDelivery/ram:ShipToCITradeParty
230,UN01005810,rsm:CIIHSupplyChainTradeTransaction/ram:IncludedCIILSupplyChainTradeLineItem/ram:SpecifiedCIILSupplyChainTradeDelivery/ram:ShipToCITradeParty/ram:ID
231,UN01005811,rsm:CIIHSupplyChainTradeTransaction/ram:IncludedCIILSupplyChainTradeLineItem/ram:SpecifiedCIILSupplyChainTradeDelivery/ram:ShipToCITradeParty/ram:GlobalID
232,UN01005815,rsm:CIIHSupplyChainTradeTransaction/ram:IncludedCIILSupplyChainTradeLineItem/ram:SpecifiedCIILSupplyChainTradeDelivery/ram:ShipToCITradeParty/ram:Name
233,UN01005762,rsm:CIIHSupplyChainTradeTransaction/ram:IncludedCIILSupplyChainTradeLineItem/ram:SpecifiedCIILSupplyChainTradeDelivery/ram:ShipToCITradeParty/ram:PostalCITradeAddress
234,UN01005689,rsm:CIIHSupplyChainTradeTransaction/ram:IncludedCIILSupplyChainTradeLineItem/ram:SpecifiedCIILSupplyChainTradeDelivery/ram:ShipToCITradeParty/ram:PostalCITradeAddress/ram:PostcodeCode
235,UN01005692,rsm:CIIHSupplyChainTradeTransaction/ram:IncludedCIILSupplyChainTradeLineItem/ram:SpecifiedCIILSupplyChainTradeDelivery/ram:ShipToCITradeParty/ram:PostalCITradeAddress/ram:LineOne
236,UN01005693,rsm:CIIHSupplyChainTradeTransaction/ram:IncludedCIILSupplyChainTradeLineItem/ram:SpecifiedCIILSupplyChainTradeDelivery/ram:ShipToCITradeParty/ram:PostalCITradeAddress/ram:LineTwo
237,UN01005694,rsm:CIIHSupplyChainTradeTransaction/ram:IncludedCIILSupplyChainTradeLineItem/ram:SpecifiedCIILSupplyChainTradeDelivery/ram:ShipToCITradeParty/ram:PostalCITradeAddress/ram:LineThree
238,UN01005700,rsm:CIIHSupplyChainTradeTransaction/ram:IncludedCIILSupplyChainTradeLineItem/ram:SpecifiedCIILSupplyChainTradeDelivery/ram:ShipToCITradeParty/ram:PostalCITradeAddress/ram:CountryID
239,UN01005986,rsm:CIIHSupplyChainTradeTransaction/ram:IncludedCIILSupplyChainTradeLineItem/ram:SpecifiedCIILSupplyChainTradeDelivery/ram:ActualDeliveryCISupplyChainEvent
240,UN01005628,rsm:CIIHSupplyChainTradeTransaction/ram:IncludedCIILSupplyChainTradeLineItem/ram:SpecifiedCIILSupplyChainTradeDelivery/ram:ActualDeliveryCISupplyChainEvent/ram:OccurrenceDateTime
241,UN01006041,rsm:CIIHSupplyChainTradeTransaction/ram:IncludedCIILSupplyChainTradeLineItem/ram:SpecifiedCIILSupplyChainTradeDelivery/ram:DeliveryNoteReferencedCIReferencedDocument
242,UN01005580,rsm:CIIHSupplyChainTradeTransaction/ram:IncludedCIILSupplyChainTradeLineItem/ram:SpecifiedCIILSupplyChainTradeDelivery/ram:DeliveryNoteReferencedCIReferencedDocument/ram:IssuerAssignedID
243,UN01005582,rsm:CIIHSupplyChainTradeTransaction/ram:IncludedCIILSupplyChainTradeLineItem/ram:SpecifiedCIILSupplyChainTradeDelivery/ram:DeliveryNoteReferencedCIReferencedDocument/ram:IssueDateTime
244,UN01005585,rsm:CIIHSupplyChainTradeTransaction/ram:IncludedCIILSupplyChainTradeLineItem/ram:SpecifiedCIILSupplyChainTradeDelivery/ram:DeliveryNoteReferencedCIReferencedDocument/ram:LineID
245,UN01005588,rsm:CIIHSupplyChainTradeTransaction/ram:IncludedCIILSupplyChainTradeLineItem/ram:SpecifiedCIILSupplyChainTradeDelivery/ram:DeliveryNoteReferencedCIReferencedDocument/ram:RevisionID
246,UN01006415,rsm:CIIHSupplyChainTradeTransaction/ram:IncludedCIILSupplyChainTradeLineItem/ram:SpecifiedCIILSupplyChainTradeDelivery/ram:DeliveryNoteReferencedCIReferencedDocument/ram:Information
247,UN01012923,rsm:CIIHSupplyChainTradeTransaction/ram:IncludedCIILSupplyChainTradeLineItem/ram:SpecifiedCIILSupplyChainTradeDelivery/ram:DeliveryNoteReferencedCIReferencedDocument/ram:SubordinateLineID
248,UN01014899,rsm:CIIHSupplyChainTradeTransaction/ram:IncludedCIILSupplyChainTradeLineItem/ram:SpecifiedCIILSupplyChainTradeDelivery/ram:DeliveryNoteReferencedCIReferencedDocument/ram:SubtypeCode
249,UN01005992,rsm:CIIHSupplyChainTradeTransaction/ram:IncludedCIILSupplyChainTradeLineItem/ram:SpecifiedCIILSupplyChainTradeSettlement
250,UN01014641,rsm:CIIHSupplyChainTradeTransaction/ram:IncludedCIILSupplyChainTradeLineItem/ram:SpecifiedCIILSupplyChainTradeSettlement/ram:DirectionCode
251,UN01014644,rsm:CIIHSupplyChainTradeTransaction/ram:IncludedCIILSupplyChainTradeLineItem/ram:SpecifiedCIILSupplyChainTradeSettlement/ram:SpecifiedCITradeAllowanceCharge
252,UN01005707,rsm:CIIHSupplyChainTradeTransaction/ram:IncludedCIILSupplyChainTradeLineItem/ram:SpecifiedCIILSupplyChainTradeSettlement/ram:SpecifiedCITradeAllowanceCharge/ram:ChargeIndicator
253,UN01005710,rsm:CIIHSupplyChainTradeTransaction/ram:IncludedCIILSupplyChainTradeLineItem/ram:SpecifiedCIILSupplyChainTradeSettlement/ram:SpecifiedCITradeAllowanceCharge/ram:CalculationPercent
254,UN01005490,rsm:CIIHSupplyChainTradeTransaction/ram:IncludedCIILSupplyChainTradeLineItem/ram:SpecifiedCIILSupplyChainTradeSettlement/ram:SpecifiedCITradeAllowanceCharge/ram:ActualAmount
255,UN01005488,rsm:CIIHSupplyChainTradeTransaction/ram:IncludedCIILSupplyChainTradeLineItem/ram:SpecifiedCIILSupplyChainTradeSettlement/ram:SpecifiedCITradeAllowanceCharge/ram:ReasonCode
256,UN01005489,rsm:CIIHSupplyChainTradeTransaction/ram:IncludedCIILSupplyChainTradeLineItem/ram:SpecifiedCIILSupplyChainTradeSettlement/ram:SpecifiedCITradeAllowanceCharge/ram:Reason
257,UN01008286,rsm:CIIHSupplyChainTradeTransaction/ram:IncludedCIILSupplyChainTradeLineItem/ram:SpecifiedCIILSupplyChainTradeSettlement/ram:SpecifiedCITradeAllowanceCharge/ram:BasisAmount
258,UN01009665,rsm:CIIHSupplyChainTradeTransaction/ram:IncludedCIILSupplyChainTradeLineItem/ram:SpecifiedCIILSupplyChainTradeSettlement/ram:ApplicableCITradeTax
259,UN01005818,rsm:CIIHSupplyChainTradeTransaction/ram:IncludedCIILSupplyChainTradeLineItem/ram:SpecifiedCIILSupplyChainTradeSettlement/ram:ApplicableCITradeTax/ram:TypeCode
260,UN01008286,rsm:CIIHSupplyChainTradeTransaction/ram:IncludedCIILSupplyChainTradeLineItem/ram:SpecifiedCIILSupplyChainTradeSettlement/ram:ApplicableCITradeTax/ram:BasisAmount
261,UN01005841,rsm:CIIHSupplyChainTradeTransaction/ram:IncludedCIILSupplyChainTradeLineItem/ram:SpecifiedCIILSupplyChainTradeSettlement/ram:ApplicableCITradeTax/ram:CategoryCode
262,UN01005850,rsm:CIIHSupplyChainTradeTransaction/ram:IncludedCIILSupplyChainTradeLineItem/ram:SpecifiedCIILSupplyChainTradeSettlement/ram:ApplicableCITradeTax/ram:CategoryName
263,UN01007174,rsm:CIIHSupplyChainTradeTransaction/ram:IncludedCIILSupplyChainTradeLineItem/ram:SpecifiedCIILSupplyChainTradeSettlement/ram:ApplicableCITradeTax/ram:RateApplicablePercent
264,UN01013040,rsm:CIIHSupplyChainTradeTransaction/ram:IncludedCIILSupplyChainTradeLineItem/ram:SpecifiedCIILSupplyChainTradeSettlement/ram:ApplicableCITradeTax/ram:GrandTotalAmount
265,UN01014650,rsm:CIIHSupplyChainTradeTransaction/ram:IncludedCIILSupplyChainTradeLineItem/ram:SpecifiedCIILSupplyChainTradeSettlement/ram:ApplicableCITradeTax/ram:LocalTaxSystemID
266,UN01014894,rsm:CIIHSupplyChainTradeTransaction/ram:IncludedCIILSupplyChainTradeLineItem/ram:SpecifiedCIILSupplyChainTradeSettlement/ram:BillingCISpecifiedPeriod
267,UN01005612,rsm:CIIHSupplyChainTradeTransaction/ram:IncludedCIILSupplyChainTradeLineItem/ram:SpecifiedCIILSupplyChainTradeSettlement/ram:BillingCISpecifiedPeriod/ram:StartDateTime
268,UN01005613,rsm:CIIHSupplyChainTradeTransaction/ram:IncludedCIILSupplyChainTradeLineItem/ram:SpecifiedCIILSupplyChainTradeSettlement/ram:BillingCISpecifiedPeriod/ram:EndDateTime
269,UN01006002,rsm:CIIHSupplyChainTradeTransaction/ram:IncludedCIILSupplyChainTradeLineItem/ram:SpecifiedCIILSupplyChainTradeSettlement/ram:SpecifiedCIILTradeSettlementMonetarySummation
270,UN01006011,rsm:CIIHSupplyChainTradeTransaction/ram:IncludedCIILSupplyChainTradeLineItem/ram:SpecifiedCIILSupplyChainTradeSettlement/ram:SpecifiedCIILTradeSettlementMonetarySummation/ram:TaxTotalAmount
271,UN01008456,rsm:CIIHSupplyChainTradeTransaction/ram:IncludedCIILSupplyChainTradeLineItem/ram:SpecifiedCIILSupplyChainTradeSettlement/ram:SpecifiedCIILTradeSettlementMonetarySummation/ram:NetLineTotalAmount
272,UN01008457,rsm:CIIHSupplyChainTradeTransaction/ram:IncludedCIILSupplyChainTradeLineItem/ram:SpecifiedCIILSupplyChainTradeSettlement/ram:SpecifiedCIILTradeSettlementMonetarySummation/ram:NetIncludingTaxesLineTotalAmount
273,UN01013040,rsm:CIIHSupplyChainTradeTransaction/ram:IncludedCIILSupplyChainTradeLineItem/ram:SpecifiedCIILSupplyChainTradeSettlement/ram:SpecifiedCIILTradeSettlementMonetarySummation/ram:GrandTotalAmount
274,UN01014643,rsm:CIIHSupplyChainTradeTransaction/ram:IncludedCIILSupplyChainTradeLineItem/ram:SpecifiedCIILSupplyChainTradeSettlement/ram:SpecifiedCIFinancialAdjustment
275,UN01005488,rsm:CIIHSupplyChainTradeTransaction/ram:IncludedCIILSupplyChainTradeLineItem/ram:SpecifiedCIILSupplyChainTradeSettlement/ram:SpecifiedCIFinancialAdjustment/ram:ReasonCode
276,UN01005489,rsm:CIIHSupplyChainTradeTransaction/ram:IncludedCIILSupplyChainTradeLineItem/ram:SpecifiedCIILSupplyChainTradeSettlement/ram:SpecifiedCIFinancialAdjustment/ram:Reason
277,UN01005490,rsm:CIIHSupplyChainTradeTransaction/ram:IncludedCIILSupplyChainTradeLineItem/ram:SpecifiedCIILSupplyChainTradeSettlement/ram:SpecifiedCIFinancialAdjustment/ram:ActualAmount
278,UN01014642,rsm:CIIHSupplyChainTradeTransaction/ram:IncludedCIILSupplyChainTradeLineItem/ram:SpecifiedCIILSupplyChainTradeSettlement/ram:InvoiceReferencedCIReferencedDocument
279,UN01005580,rsm:CIIHSupplyChainTradeTransaction/ram:IncludedCIILSupplyChainTradeLineItem/ram:SpecifiedCIILSupplyChainTradeSettlement/ram:InvoiceReferencedCIReferencedDocument/ram:IssuerAssignedID
280,UN01005582,rsm:CIIHSupplyChainTradeTransaction/ram:IncludedCIILSupplyChainTradeLineItem/ram:SpecifiedCIILSupplyChainTradeSettlement/ram:InvoiceReferencedCIReferencedDocument/ram:IssueDateTime
281,UN01005585,rsm:CIIHSupplyChainTradeTransaction/ram:IncludedCIILSupplyChainTradeLineItem/ram:SpecifiedCIILSupplyChainTradeSettlement/ram:InvoiceReferencedCIReferencedDocument/ram:LineID
282,UN01005588,rsm:CIIHSupplyChainTradeTransaction/ram:IncludedCIILSupplyChainTradeLineItem/ram:SpecifiedCIILSupplyChainTradeSettlement/ram:InvoiceReferencedCIReferencedDocument/ram:RevisionID
283,UN01006415,rsm:CIIHSupplyChainTradeTransaction/ram:IncludedCIILSupplyChainTradeLineItem/ram:SpecifiedCIILSupplyChainTradeSettlement/ram:InvoiceReferencedCIReferencedDocument/ram:Information
284,UN01012923,rsm:CIIHSupplyChainTradeTransaction/ram:IncludedCIILSupplyChainTradeLineItem/ram:SpecifiedCIILSupplyChainTradeSettlement/ram:InvoiceReferencedCIReferencedDocument/ram:SubordinateLineID
285,UN01014899,rsm:CIIHSupplyChainTradeTransaction/ram:IncludedCIILSupplyChainTradeLineItem/ram:SpecifiedCIILSupplyChainTradeSettlement/ram:InvoiceReferencedCIReferencedDocument/ram:SubtypeCode
286,UN01009656,rsm:CIIHSupplyChainTradeTransaction/ram:IncludedCIILSupplyChainTradeLineItem/ram:SpecifiedCIILSupplyChainTradeSettlement/ram:AdditionalReferencedCIReferencedDocument
287,UN01005580,rsm:CIIHSupplyChainTradeTransaction/ram:IncludedCIILSupplyChainTradeLineItem/ram:SpecifiedCIILSupplyChainTradeSettlement/ram:AdditionalReferencedCIReferencedDocument/ram:IssuerAssignedID
288,UN01005582,rsm:CIIHSupplyChainTradeTransaction/ram:IncludedCIILSupplyChainTradeLineItem/ram:SpecifiedCIILSupplyChainTradeSettlement/ram:AdditionalReferencedCIReferencedDocument/ram:IssueDateTime
289,UN01005585,rsm:CIIHSupplyChainTradeTransaction/ram:IncludedCIILSupplyChainTradeLineItem/ram:SpecifiedCIILSupplyChainTradeSettlement/ram:AdditionalReferencedCIReferencedDocument/ram:LineID
290,UN01005588,rsm:CIIHSupplyChainTradeTransaction/ram:IncludedCIILSupplyChainTradeLineItem/ram:SpecifiedCIILSupplyChainTradeSettlement/ram:AdditionalReferencedCIReferencedDocument/ram:RevisionID
291,UN01006415,rsm:CIIHSupplyChainTradeTransaction/ram:IncludedCIILSupplyChainTradeLineItem/ram:SpecifiedCIILSupplyChainTradeSettlement/ram:AdditionalReferencedCIReferencedDocument/ram:Information
292,UN01012923,rsm:CIIHSupplyChainTradeTransaction/ram:IncludedCIILSupplyChainTradeLineItem/ram:SpecifiedCIILSupplyChainTradeSettlement/ram:AdditionalReferencedCIReferencedDocument/ram:SubordinateLineID
293,UN01014899,rsm:CIIHSupplyChainTradeTransaction/ram:IncludedCIILSupplyChainTradeLineItem/ram:SpecifiedCIILSupplyChainTradeSettlement/ram:AdditionalReferencedCIReferencedDocument/ram:SubtypeCode
294,UN01009669,rsm:CIIHSupplyChainTradeTransaction/ram:IncludedCIILSupplyChainTradeLineItem/ram:SubordinateCIILBSubordinateTradeLineItem
295,UN01005810,rsm:CIIHSupplyChainTradeTransaction/ram:IncludedCIILSupplyChainTradeLineItem/ram:SubordinateCIILBSubordinateTradeLineItem/ram:ID
296,UN01005841,rsm:CIIHSupplyChainTradeTransaction/ram:IncludedCIILSupplyChainTradeLineItem/ram:SubordinateCIILBSubordinateTradeLineItem/ram:CategoryCode
297,UN01009649,rsm:CIIHSupplyChainTradeTransaction/ram:IncludedCIILSupplyChainTradeLineItem/ram:SubordinateCIILBSubordinateTradeLineItem/ram:SpecifiedCIILBSupplyChainTradeAgreement
298,UN01009654,rsm:CIIHSupplyChainTradeTransaction/ram:IncludedCIILSupplyChainTradeLineItem/ram:SubordinateCIILBSubordinateTradeLineItem/ram:SpecifiedCIILBSupplyChainTradeAgreement/ram:SellerOrderReferencedCIReferencedDocument
299,UN01005580,rsm:CIIHSupplyChainTradeTransaction/ram:IncludedCIILSupplyChainTradeLineItem/ram:SubordinateCIILBSubordinateTradeLineItem/ram:SpecifiedCIILBSupplyChainTradeAgreement/ram:SellerOrderReferencedCIReferencedDocument/ram:IssuerAssignedID
300,UN01005582,rsm:CIIHSupplyChainTradeTransaction/ram:IncludedCIILSupplyChainTradeLineItem/ram:SubordinateCIILBSubordinateTradeLineItem/ram:SpecifiedCIILBSupplyChainTradeAgreement/ram:SellerOrderReferencedCIReferencedDocument/ram:IssueDateTime
301,UN01005585,rsm:CIIHSupplyChainTradeTransaction/ram:IncludedCIILSupplyChainTradeLineItem/ram:SubordinateCIILBSubordinateTradeLineItem/ram:SpecifiedCIILBSupplyChainTradeAgreement/ram:SellerOrderReferencedCIReferencedDocument/ram:LineID
302,UN01005588,rsm:CIIHSupplyChainTradeTransaction/ram:IncludedCIILSupplyChainTradeLineItem/ram:SubordinateCIILBSubordinateTradeLineItem/ram:SpecifiedCIILBSupplyChainTradeAgreement/ram:SellerOrderReferencedCIReferencedDocument/ram:RevisionID
303,UN01006415,rsm:CIIHSupplyChainTradeTransaction/ram:IncludedCIILSupplyChainTradeLineItem/ram:SubordinateCIILBSubordinateTradeLineItem/ram:SpecifiedCIILBSupplyChainTradeAgreement/ram:SellerOrderReferencedCIReferencedDocument/ram:Information
304,UN01012923,rsm:CIIHSupplyChainTradeTransaction/ram:IncludedCIILSupplyChainTradeLineItem/ram:SubordinateCIILBSubordinateTradeLineItem/ram:SpecifiedCIILBSupplyChainTradeAgreement/ram:SellerOrderReferencedCIReferencedDocument/ram:SubordinateLineID
305,UN01014899,rsm:CIIHSupplyChainTradeTransaction/ram:IncludedCIILSupplyChainTradeLineItem/ram:SubordinateCIILBSubordinateTradeLineItem/ram:SpecifiedCIILBSupplyChainTradeAgreement/ram:SellerOrderReferencedCIReferencedDocument/ram:SubtypeCode
306,UN01009655,rsm:CIIHSupplyChainTradeTransaction/ram:IncludedCIILSupplyChainTradeLineItem/ram:SubordinateCIILBSubordinateTradeLineItem/ram:SpecifiedCIILBSupplyChainTradeAgreement/ram:BuyerOrderReferencedCIReferencedDocument
307,UN01005580,rsm:CIIHSupplyChainTradeTransaction/ram:IncludedCIILSupplyChainTradeLineItem/ram:SubordinateCIILBSubordinateTradeLineItem/ram:SpecifiedCIILBSupplyChainTradeAgreement/ram:BuyerOrderReferencedCIReferencedDocument/ram:IssuerAssignedID
308,UN01005582,rsm:CIIHSupplyChainTradeTransaction/ram:IncludedCIILSupplyChainTradeLineItem/ram:SubordinateCIILBSubordinateTradeLineItem/ram:SpecifiedCIILBSupplyChainTradeAgreement/ram:BuyerOrderReferencedCIReferencedDocument/ram:IssueDateTime
309,UN01005585,rsm:CIIHSupplyChainTradeTransaction/ram:IncludedCIILSupplyChainTradeLineItem/ram:SubordinateCIILBSubordinateTradeLineItem/ram:SpecifiedCIILBSupplyChainTradeAgreement/ram:BuyerOrderReferencedCIReferencedDocument/ram:LineID
310,UN01005588,rsm:CIIHSupplyChainTradeTransaction/ram:IncludedCIILSupplyChainTradeLineItem/ram:SubordinateCIILBSubordinateTradeLineItem/ram:SpecifiedCIILBSupplyChainTradeAgreement/ram:BuyerOrderReferencedCIReferencedDocument/ram:RevisionID
311,UN01006415,rsm:CIIHSupplyChainTradeTransaction/ram:IncludedCIILSupplyChainTradeLineItem/ram:SubordinateCIILBSubordinateTradeLineItem/ram:SpecifiedCIILBSupplyChainTradeAgreement/ram:BuyerOrderReferencedCIReferencedDocument/ram:Information
312,UN01012923,rsm:CIIHSupplyChainTradeTransaction/ram:IncludedCIILSupplyChainTradeLineItem/ram:SubordinateCIILBSubordinateTradeLineItem/ram:SpecifiedCIILBSupplyChainTradeAgreement/ram:BuyerOrderReferencedCIReferencedDocument/ram:SubordinateLineID
313,UN01014899,rsm:CIIHSupplyChainTradeTransaction/ram:IncludedCIILSupplyChainTradeLineItem/ram:SubordinateCIILBSubordinateTradeLineItem/ram:SpecifiedCIILBSupplyChainTradeAgreement/ram:BuyerOrderReferencedCIReferencedDocument/ram:SubtypeCode
314,UN01009656,rsm:CIIHSupplyChainTradeTransaction/ram:IncludedCIILSupplyChainTradeLineItem/ram:SubordinateCIILBSubordinateTradeLineItem/ram:SpecifiedCIILBSupplyChainTradeAgreement/ram:AdditionalReferencedCIReferencedDocument
315,UN01005580,rsm:CIIHSupplyChainTradeTransaction/ram:IncludedCIILSupplyChainTradeLineItem/ram:SubordinateCIILBSubordinateTradeLineItem/ram:SpecifiedCIILBSupplyChainTradeAgreement/ram:AdditionalReferencedCIReferencedDocument/ram:IssuerAssignedID
316,UN01005582,rsm:CIIHSupplyChainTradeTransaction/ram:IncludedCIILSupplyChainTradeLineItem/ram:SubordinateCIILBSubordinateTradeLineItem/ram:SpecifiedCIILBSupplyChainTradeAgreement/ram:AdditionalReferencedCIReferencedDocument/ram:IssueDateTime
317,UN01005585,rsm:CIIHSupplyChainTradeTransaction/ram:IncludedCIILSupplyChainTradeLineItem/ram:SubordinateCIILBSubordinateTradeLineItem/ram:SpecifiedCIILBSupplyChainTradeAgreement/ram:AdditionalReferencedCIReferencedDocument/ram:LineID
318,UN01005588,rsm:CIIHSupplyChainTradeTransaction/ram:IncludedCIILSupplyChainTradeLineItem/ram:SubordinateCIILBSubordinateTradeLineItem/ram:SpecifiedCIILBSupplyChainTradeAgreement/ram:AdditionalReferencedCIReferencedDocument/ram:RevisionID
319,UN01006415,rsm:CIIHSupplyChainTradeTransaction/ram:IncludedCIILSupplyChainTradeLineItem/ram:SubordinateCIILBSubordinateTradeLineItem/ram:SpecifiedCIILBSupplyChainTradeAgreement/ram:AdditionalReferencedCIReferencedDocument/ram:Information
320,UN01012923,rsm:CIIHSupplyChainTradeTransaction/ram:IncludedCIILSupplyChainTradeLineItem/ram:SubordinateCIILBSubordinateTradeLineItem/ram:SpecifiedCIILBSupplyChainTradeAgreement/ram:AdditionalReferencedCIReferencedDocument/ram:SubordinateLineID
321,UN01014899,rsm:CIIHSupplyChainTradeTransaction/ram:IncludedCIILSupplyChainTradeLineItem/ram:SubordinateCIILBSubordinateTradeLineItem/ram:SpecifiedCIILBSupplyChainTradeAgreement/ram:AdditionalReferencedCIReferencedDocument/ram:SubtypeCode
322,UN01009658,rsm:CIIHSupplyChainTradeTransaction/ram:IncludedCIILSupplyChainTradeLineItem/ram:SubordinateCIILBSubordinateTradeLineItem/ram:SpecifiedCIILBSupplyChainTradeAgreement/ram:NetPriceProductCITradePrice
323,UN01005818,rsm:CIIHSupplyChainTradeTransaction/ram:IncludedCIILSupplyChainTradeLineItem/ram:SubordinateCIILBSubordinateTradeLineItem/ram:SpecifiedCIILBSupplyChainTradeAgreement/ram:NetPriceProductCITradePrice/ram:TypeCode
324,UN01005792,rsm:CIIHSupplyChainTradeTransaction/ram:IncludedCIILSupplyChainTradeLineItem/ram:SubordinateCIILBSubordinateTradeLineItem/ram:SpecifiedCIILBSupplyChainTradeAgreement/ram:NetPriceProductCITradePrice/ram:ChargeAmount
325,UN01005793,rsm:CIIHSupplyChainTradeTransaction/ram:IncludedCIILSupplyChainTradeLineItem/ram:SubordinateCIILBSubordinateTradeLineItem/ram:SpecifiedCIILBSupplyChainTradeAgreement/ram:NetPriceProductCITradePrice/ram:BasisQuantity
326,UN01009650,rsm:CIIHSupplyChainTradeTransaction/ram:IncludedCIILSupplyChainTradeLineItem/ram:SubordinateCIILBSubordinateTradeLineItem/ram:SpecifiedCIILBSupplyChainTradeDelivery
327,UN01009660,rsm:CIIHSupplyChainTradeTransaction/ram:IncludedCIILSupplyChainTradeLineItem/ram:SubordinateCIILBSubordinateTradeLineItem/ram:SpecifiedCIILBSupplyChainTradeDelivery/ram:PackageQuantity
328,UN01009661,rsm:CIIHSupplyChainTradeTransaction/ram:IncludedCIILSupplyChainTradeLineItem/ram:SubordinateCIILBSubordinateTradeLineItem/ram:SpecifiedCIILBSupplyChainTradeDelivery/ram:ProductUnitQuantity
329,UN01009662,rsm:CIIHSupplyChainTradeTransaction/ram:IncludedCIILSupplyChainTradeLineItem/ram:SubordinateCIILBSubordinateTradeLineItem/ram:SpecifiedCIILBSupplyChainTradeDelivery/ram:PerPackageUnitQuantity
330,UN01014639,rsm:CIIHSupplyChainTradeTransaction/ram:IncludedCIILSupplyChainTradeLineItem/ram:SubordinateCIILBSubordinateTradeLineItem/ram:SpecifiedCIILBSupplyChainTradeDelivery/ram:BilledQuantity
331,UN01009651,rsm:CIIHSupplyChainTradeTransaction/ram:IncludedCIILSupplyChainTradeLineItem/ram:SubordinateCIILBSubordinateTradeLineItem/ram:SpecifiedCIILBSupplyChainTradeSettlement
332,UN01014641,rsm:CIIHSupplyChainTradeTransaction/ram:IncludedCIILSupplyChainTradeLineItem/ram:SubordinateCIILBSubordinateTradeLineItem/ram:SpecifiedCIILBSupplyChainTradeSettlement/ram:DirectionCode
333,UN01009665,rsm:CIIHSupplyChainTradeTransaction/ram:IncludedCIILSupplyChainTradeLineItem/ram:SubordinateCIILBSubordinateTradeLineItem/ram:SpecifiedCIILBSupplyChainTradeSettlement/ram:ApplicableCITradeTax
334,UN01005818,rsm:CIIHSupplyChainTradeTransaction/ram:IncludedCIILSupplyChainTradeLineItem/ram:SubordinateCIILBSubordinateTradeLineItem/ram:SpecifiedCIILBSupplyChainTradeSettlement/ram:ApplicableCITradeTax/ram:TypeCode
335,UN01008286,rsm:CIIHSupplyChainTradeTransaction/ram:IncludedCIILSupplyChainTradeLineItem/ram:SubordinateCIILBSubordinateTradeLineItem/ram:SpecifiedCIILBSupplyChainTradeSettlement/ram:ApplicableCITradeTax/ram:BasisAmount
336,UN01005841,rsm:CIIHSupplyChainTradeTransaction/ram:IncludedCIILSupplyChainTradeLineItem/ram:SubordinateCIILBSubordinateTradeLineItem/ram:SpecifiedCIILBSupplyChainTradeSettlement/ram:ApplicableCITradeTax/ram:CategoryCode
337,UN01005850,rsm:CIIHSupplyChainTradeTransaction/ram:IncludedCIILSupplyChainTradeLineItem/ram:SubordinateCIILBSubordinateTradeLineItem/ram:SpecifiedCIILBSupplyChainTradeSettlement/ram:ApplicableCITradeTax/ram:CategoryName
338,UN01007174,rsm:CIIHSupplyChainTradeTransaction/ram:IncludedCIILSupplyChainTradeLineItem/ram:SubordinateCIILBSubordinateTradeLineItem/ram:SpecifiedCIILBSupplyChainTradeSettlement/ram:ApplicableCITradeTax/ram:RateApplicablePercent
339,UN01013040,rsm:CIIHSupplyChainTradeTransaction/ram:IncludedCIILSupplyChainTradeLineItem/ram:SubordinateCIILBSubordinateTradeLineItem/ram:SpecifiedCIILBSupplyChainTradeSettlement/ram:ApplicableCITradeTax/ram:GrandTotalAmount
340,UN01014650,rsm:CIIHSupplyChainTradeTransaction/ram:IncludedCIILSupplyChainTradeLineItem/ram:SubordinateCIILBSubordinateTradeLineItem/ram:SpecifiedCIILBSupplyChainTradeSettlement/ram:ApplicableCITradeTax/ram:LocalTaxSystemID
341,UN01014642,rsm:CIIHSupplyChainTradeTransaction/ram:IncludedCIILSupplyChainTradeLineItem/ram:SubordinateCIILBSubordinateTradeLineItem/ram:SpecifiedCIILBSupplyChainTradeSettlement/ram:InvoiceReferencedCIReferencedDocument
342,UN01005580,rsm:CIIHSupplyChainTradeTransaction/ram:IncludedCIILSupplyChainTradeLineItem/ram:SubordinateCIILBSubordinateTradeLineItem/ram:SpecifiedCIILBSupplyChainTradeSettlement/ram:InvoiceReferencedCIReferencedDocument/ram:IssuerAssignedID
343,UN01005582,rsm:CIIHSupplyChainTradeTransaction/ram:IncludedCIILSupplyChainTradeLineItem/ram:SubordinateCIILBSubordinateTradeLineItem/ram:SpecifiedCIILBSupplyChainTradeSettlement/ram:InvoiceReferencedCIReferencedDocument/ram:IssueDateTime
344,UN01005585,rsm:CIIHSupplyChainTradeTransaction/ram:IncludedCIILSupplyChainTradeLineItem/ram:SubordinateCIILBSubordinateTradeLineItem/ram:SpecifiedCIILBSupplyChainTradeSettlement/ram:InvoiceReferencedCIReferencedDocument/ram:LineID
345,UN01005588,rsm:CIIHSupplyChainTradeTransaction/ram:IncludedCIILSupplyChainTradeLineItem/ram:SubordinateCIILBSubordinateTradeLineItem/ram:SpecifiedCIILBSupplyChainTradeSettlement/ram:InvoiceReferencedCIReferencedDocument/ram:RevisionID
346,UN01006415,rsm:CIIHSupplyChainTradeTransaction/ram:IncludedCIILSupplyChainTradeLineItem/ram:SubordinateCIILBSubordinateTradeLineItem/ram:SpecifiedCIILBSupplyChainTradeSettlement/ram:InvoiceReferencedCIReferencedDocument/ram:Information
347,UN01012923,rsm:CIIHSupplyChainTradeTransaction/ram:IncludedCIILSupplyChainTradeLineItem/ram:SubordinateCIILBSubordinateTradeLineItem/ram:SpecifiedCIILBSupplyChainTradeSettlement/ram:InvoiceReferencedCIReferencedDocument/ram:SubordinateLineID
348,UN01014899,rsm:CIIHSupplyChainTradeTransaction/ram:IncludedCIILSupplyChainTradeLineItem/ram:SubordinateCIILBSubordinateTradeLineItem/ram:SpecifiedCIILBSupplyChainTradeSettlement/ram:InvoiceReferencedCIReferencedDocument/ram:SubtypeCode
349,UN01014644,rsm:CIIHSupplyChainTradeTransaction/ram:IncludedCIILSupplyChainTradeLineItem/ram:SubordinateCIILBSubordinateTradeLineItem/ram:SpecifiedCIILBSupplyChainTradeSettlement/ram:SpecifiedCITradeAllowanceCharge
350,UN01005707,rsm:CIIHSupplyChainTradeTransaction/ram:IncludedCIILSupplyChainTradeLineItem/ram:SubordinateCIILBSubordinateTradeLineItem/ram:SpecifiedCIILBSupplyChainTradeSettlement/ram:SpecifiedCITradeAllowanceCharge/ram:ChargeIndicator
351,UN01005710,rsm:CIIHSupplyChainTradeTransaction/ram:IncludedCIILSupplyChainTradeLineItem/ram:SubordinateCIILBSubordinateTradeLineItem/ram:SpecifiedCIILBSupplyChainTradeSettlement/ram:SpecifiedCITradeAllowanceCharge/ram:CalculationPercent
352,UN01005490,rsm:CIIHSupplyChainTradeTransaction/ram:IncludedCIILSupplyChainTradeLineItem/ram:SubordinateCIILBSubordinateTradeLineItem/ram:SpecifiedCIILBSupplyChainTradeSettlement/ram:SpecifiedCITradeAllowanceCharge/ram:ActualAmount
353,UN01005488,rsm:CIIHSupplyChainTradeTransaction/ram:IncludedCIILSupplyChainTradeLineItem/ram:SubordinateCIILBSubordinateTradeLineItem/ram:SpecifiedCIILBSupplyChainTradeSettlement/ram:SpecifiedCITradeAllowanceCharge/ram:ReasonCode
354,UN01005489,rsm:CIIHSupplyChainTradeTransaction/ram:IncludedCIILSupplyChainTradeLineItem/ram:SubordinateCIILBSubordinateTradeLineItem/ram:SpecifiedCIILBSupplyChainTradeSettlement/ram:SpecifiedCITradeAllowanceCharge/ram:Reason
355,UN01008286,rsm:CIIHSupplyChainTradeTransaction/ram:IncludedCIILSupplyChainTradeLineItem/ram:SubordinateCIILBSubordinateTradeLineItem/ram:SpecifiedCIILBSupplyChainTradeSettlement/ram:SpecifiedCITradeAllowanceCharge/ram:BasisAmount
356,UN01014643,rsm:CIIHSupplyChainTradeTransaction/ram:IncludedCIILSupplyChainTradeLineItem/ram:SubordinateCIILBSubordinateTradeLineItem/ram:SpecifiedCIILBSupplyChainTradeSettlement/ram:SpecifiedCIFinancialAdjustment
357,UN01005488,rsm:CIIHSupplyChainTradeTransaction/ram:IncludedCIILSupplyChainTradeLineItem/ram:SubordinateCIILBSubordinateTradeLineItem/ram:SpecifiedCIILBSupplyChainTradeSettlement/ram:SpecifiedCIFinancialAdjustment/ram:ReasonCode
358,UN01005489,rsm:CIIHSupplyChainTradeTransaction/ram:IncludedCIILSupplyChainTradeLineItem/ram:SubordinateCIILBSubordinateTradeLineItem/ram:SpecifiedCIILBSupplyChainTradeSettlement/ram:SpecifiedCIFinancialAdjustment/ram:Reason
359,UN01005490,rsm:CIIHSupplyChainTradeTransaction/ram:IncludedCIILSupplyChainTradeLineItem/ram:SubordinateCIILBSubordinateTradeLineItem/ram:SpecifiedCIILBSupplyChainTradeSettlement/ram:SpecifiedCIFinancialAdjustment/ram:ActualAmount
360,UN01014894,rsm:CIIHSupplyChainTradeTransaction/ram:IncludedCIILSupplyChainTradeLineItem/ram:SubordinateCIILBSubordinateTradeLineItem/ram:SpecifiedCIILBSupplyChainTradeSettlement/ram:BillingCISpecifiedPeriod
361,UN01005612,rsm:CIIHSupplyChainTradeTransaction/ram:IncludedCIILSupplyChainTradeLineItem/ram:SubordinateCIILBSubordinateTradeLineItem/ram:SpecifiedCIILBSupplyChainTradeSettlement/ram:BillingCISpecifiedPeriod/ram:StartDateTime
362,UN01005613,rsm:CIIHSupplyChainTradeTransaction/ram:IncludedCIILSupplyChainTradeLineItem/ram:SubordinateCIILBSubordinateTradeLineItem/ram:SpecifiedCIILBSupplyChainTradeSettlement/ram:BillingCISpecifiedPeriod/ram:EndDateTime
363,UN01010016,rsm:CIIHSupplyChainTradeTransaction/ram:IncludedCIILSupplyChainTradeLineItem/ram:SubordinateCIILBSubordinateTradeLineItem/ram:ApplicableCITradeProduct
364,UN01005810,rsm:CIIHSupplyChainTradeTransaction/ram:IncludedCIILSupplyChainTradeLineItem/ram:SubordinateCIILBSubordinateTradeLineItem/ram:ApplicableCITradeProduct/ram:ID
365,UN01005811,rsm:CIIHSupplyChainTradeTransaction/ram:IncludedCIILSupplyChainTradeLineItem/ram:SubordinateCIILBSubordinateTradeLineItem/ram:ApplicableCITradeProduct/ram:GlobalID
366,UN01005812,rsm:CIIHSupplyChainTradeTransaction/ram:IncludedCIILSupplyChainTradeLineItem/ram:SubordinateCIILBSubordinateTradeLineItem/ram:ApplicableCITradeProduct/ram:SellerAssignedID
367,UN01005813,rsm:CIIHSupplyChainTradeTransaction/ram:IncludedCIILSupplyChainTradeLineItem/ram:SubordinateCIILBSubordinateTradeLineItem/ram:ApplicableCITradeProduct/ram:BuyerAssignedID
368,UN01005814,rsm:CIIHSupplyChainTradeTransaction/ram:IncludedCIILSupplyChainTradeLineItem/ram:SubordinateCIILBSubordinateTradeLineItem/ram:ApplicableCITradeProduct/ram:ManufacturerAssignedID
369,UN01005815,rsm:CIIHSupplyChainTradeTransaction/ram:IncludedCIILSupplyChainTradeLineItem/ram:SubordinateCIILBSubordinateTradeLineItem/ram:ApplicableCITradeProduct/ram:Name
370,UN01005817,rsm:CIIHSupplyChainTradeTransaction/ram:IncludedCIILSupplyChainTradeLineItem/ram:SubordinateCIILBSubordinateTradeLineItem/ram:ApplicableCITradeProduct/ram:Description
371,UN01005818,rsm:CIIHSupplyChainTradeTransaction/ram:IncludedCIILSupplyChainTradeLineItem/ram:SubordinateCIILBSubordinateTradeLineItem/ram:ApplicableCITradeProduct/ram:TypeCode
372,UN01008524,rsm:CIIHSupplyChainTradeTransaction/ram:IncludedCIILSupplyChainTradeLineItem/ram:SubordinateCIILBSubordinateTradeLineItem/ram:ApplicableCITradeProduct/ram:ProductGroupID
373,UN01012942,rsm:CIIHSupplyChainTradeTransaction/ram:IncludedCIILSupplyChainTradeLineItem/ram:SubordinateCIILBSubordinateTradeLineItem/ram:ApplicableCITradeProduct/ram:AdditionalDescription
